Branch#,BranchName,Latitude,Longitude,ReviewText,Stars,DatePosted
1,UBC,49.2606,-123.246,Absolutely love this place!,5,2025-12-30
1,UBC,49.2606,-123.246,So glad I found this place.,4,2021-02-19
1,UBC,49.2606,-123.246,Best service in town.,4,2021-03-17
1,UBC,49.2606,-123.246,Always a pleasant experience.,4,2022-12-03
1,UBC,49.2606,-123.246,The pastries are amazing.,4,2021-06-17
1,UBC,49.2606,-123.246,My daily go-to spot.,5,2021-11-07
1,UBC,49.2606,-123.246,Always a pleasant experience.,5,2022-02-08
1,UBC,49.2606,-123.246,Fast wifi and good seating.,4,2024-06-21
1,UBC,49.2606,-123.246,The staff seemed indifferent.,1,2024-09-07
1,UBC,49.2606,-123.246,Always a pleasant experience.,5,2022-09-15
1,UBC,49.2606,-123.246,Best service in town.,5,2025-10-09
1,UBC,49.2606,-123.246,Average coffee.,3,2022-07-26
1,UBC,49.2606,-123.246,Best service in town.,5,2023-04-04
1,UBC,49.2606,-123.246,Absolutely love this place!,4,2025-10-28
1,UBC,49.2606,-123.246,Overall a bad experience.,2,2022-04-18
1,UBC,49.2606,-123.246,Perfect for studying or working.,4,2026-02-01
1,UBC,49.2606,-123.246,Okay for a quick stop.,3,2021-11-12
1,UBC,49.2606,-123.246,A bit on the expensive side.,3,2025-06-22
1,UBC,49.2606,-123.246,The pastries are amazing.,4,2023-07-05
1,UBC,49.2606,-123.246,Best service in town.,5,2025-07-01
1,UBC,49.2606,-123.246,My daily go-to spot.,4,2022-12-30
1,UBC,49.2606,-123.246,Best service in town.,5,2021-12-28
1,UBC,49.2606,-123.246,Excellent quality every time.,5,2023-02-01
1,UBC,49.2606,-123.246,The pastries are amazing.,5,2025-08-30
1,UBC,49.2606,-123.246,So glad I found this place.,5,2026-01-22
1,UBC,49.2606,-123.246,Excellent quality every time.,5,2025-11-24
1,UBC,49.2606,-123.246,The pastries are amazing.,5,2025-09-28
1,UBC,49.2606,-123.246,Great vibes and music.,4,2024-11-14
1,UBC,49.2606,-123.246,Absolutely love this place!,5,2025-02-26
1,UBC,49.2606,-123.246,My daily go-to spot.,4,2024-12-19
1,UBC,49.2606,-123.246,The pastries are amazing.,5,2025-12-22
1,UBC,49.2606,-123.246,The manager is so nice.,5,2024-06-28
1,UBC,49.2606,-123.246,A bit crowded but worth the wait.,5,2024-07-28
1,UBC,49.2606,-123.246,Perfect for studying or working.,4,2022-01-10
1,UBC,49.2606,-123.246,The seating is a bit cramped.,3,2022-07-07
1,UBC,49.2606,-123.246,Consistently good coffee.,5,2022-03-27
1,UBC,49.2606,-123.246,Standard cafe experience.,3,2022-03-04
1,UBC,49.2606,-123.246,So glad I found this place.,4,2025-10-22
1,UBC,49.2606,-123.246,Always a pleasant experience.,4,2024-07-18
1,UBC,49.2606,-123.246,So glad I found this place.,5,2024-10-25
1,UBC,49.2606,-123.246,The pastries are amazing.,4,2023-03-06
1,UBC,49.2606,-123.246,Disappointed with the service.,2,2022-08-20
1,UBC,49.2606,-123.246,The service was a bit slow today.,3,2024-10-19
1,UBC,49.2606,-123.246,Always a pleasant experience.,5,2024-06-08
1,UBC,49.2606,-123.246,The pastries are amazing.,5,2021-05-05
1,UBC,49.2606,-123.246,Best service in town.,4,2021-03-07
1,UBC,49.2606,-123.246,Perfect for studying or working.,5,2025-08-13
1,UBC,49.2606,-123.246,A bit crowded but worth the wait.,5,2021-06-10
1,UBC,49.2606,-123.246,Absolutely love this place!,5,2023-03-11
1,UBC,49.2606,-123.246,The coffee was cold.,2,2025-11-05
1,UBC,49.2606,-123.246,Decent food options.,3,2025-06-21
1,UBC,49.2606,-123.246,Best service in town.,5,2024-05-24
1,UBC,49.2606,-123.246,Best service in town.,5,2023-04-11
1,UBC,49.2606,-123.246,Overall a bad experience.,2,2023-03-15
1,UBC,49.2606,-123.246,The service was a bit slow today.,3,2024-09-15
1,UBC,49.2606,-123.246,A bit crowded but worth the wait.,4,2021-04-30
1,UBC,49.2606,-123.246,Average coffee.,3,2022-02-13
1,UBC,49.2606,-123.246,The service was a bit slow today.,3,2025-07-25
1,UBC,49.2606,-123.246,Decent food options.,3,2023-04-18
1,UBC,49.2606,-123.246,Perfect for studying or working.,5,2021-08-10
1,UBC,49.2606,-123.246,Cleanliness could be improved.,2,2021-10-20
1,UBC,49.2606,-123.246,My daily go-to spot.,5,2023-03-07
1,UBC,49.2606,-123.246,So glad I found this place.,5,2022-07-18
1,UBC,49.2606,-123.246,The manager is so nice.,5,2025-12-05
1,UBC,49.2606,-123.246,Excellent quality every time.,4,2024-05-15
1,UBC,49.2606,-123.246,Highly recommend the latte.,4,2025-11-22
1,UBC,49.2606,-123.246,Always a pleasant experience.,5,2021-03-15
1,UBC,49.2606,-123.246,A bit crowded but worth the wait.,4,2024-03-02
1,UBC,49.2606,-123.246,Friendly staff and great atmosphere.,4,2025-04-02
1,UBC,49.2606,-123.246,Standard cafe experience.,3,2024-07-21
1,UBC,49.2606,-123.246,Cleanliness could be improved.,1,2023-11-30
1,UBC,49.2606,-123.246,Absolutely love this place!,5,2022-02-23
1,UBC,49.2606,-123.246,Overall a bad experience.,2,2025-03-28
1,UBC,49.2606,-123.246,Best service in town.,4,2021-11-13
1,UBC,49.2606,-123.246,A bit crowded but worth the wait.,5,2021-03-20
1,UBC,49.2606,-123.246,Won't be coming back soon.,2,2021-04-05
1,UBC,49.2606,-123.246,My daily go-to spot.,5,2025-07-25
1,UBC,49.2606,-123.246,Best service in town.,5,2025-06-27
1,UBC,49.2606,-123.246,Highly recommend the latte.,4,2025-05-20
1,UBC,49.2606,-123.246,Always a pleasant experience.,5,2021-06-13
1,UBC,49.2606,-123.246,So glad I found this place.,5,2021-10-28
1,UBC,49.2606,-123.246,The coffee was cold.,1,2022-10-16
1,UBC,49.2606,-123.246,Great vibes and music.,4,2025-08-13
1,UBC,49.2606,-123.246,Not worth the price.,1,2021-09-04
1,UBC,49.2606,-123.246,My daily go-to spot.,5,2023-01-22
1,UBC,49.2606,-123.246,A bit crowded but worth the wait.,4,2024-01-29
1,UBC,49.2606,-123.246,Great vibes and music.,4,2022-02-21
1,UBC,49.2606,-123.246,The manager is so nice.,5,2021-06-20
1,UBC,49.2606,-123.246,Consistently good coffee.,4,2023-06-05
1,UBC,49.2606,-123.246,"It's alright, nothing special.",3,2025-01-22
1,UBC,49.2606,-123.246,Average coffee.,3,2023-09-10
1,UBC,49.2606,-123.246,Highly recommend the latte.,5,2024-09-26
1,UBC,49.2606,-123.246,Absolutely love this place!,5,2025-04-24
1,UBC,49.2606,-123.246,A bit crowded but worth the wait.,4,2025-04-23
1,UBC,49.2606,-123.246,So glad I found this place.,4,2025-09-22
1,UBC,49.2606,-123.246,Great vibes and music.,5,2023-12-24
1,UBC,49.2606,-123.246,Best service in town.,4,2025-09-14
1,UBC,49.2606,-123.246,Excellent quality every time.,5,2021-04-14
1,UBC,49.2606,-123.246,A bit crowded but worth the wait.,4,2023-12-15
1,UBC,49.2606,-123.246,Excellent quality every time.,5,2025-07-28
1,UBC,49.2606,-123.246,Best service in town.,4,2023-08-26
1,UBC,49.2606,-123.246,Overall a bad experience.,2,2025-08-08
1,UBC,49.2606,-123.246,Average coffee.,3,2023-06-18
1,UBC,49.2606,-123.246,The manager is so nice.,5,2024-09-22
1,UBC,49.2606,-123.246,Decent food options.,3,2022-06-10
1,UBC,49.2606,-123.246,Highly recommend the latte.,4,2021-10-02
1,UBC,49.2606,-123.246,Always a pleasant experience.,4,2021-12-13
1,UBC,49.2606,-123.246,My daily go-to spot.,4,2023-12-21
1,UBC,49.2606,-123.246,The pastries are amazing.,4,2023-12-25
1,UBC,49.2606,-123.246,The service was a bit slow today.,3,2022-02-15
1,UBC,49.2606,-123.246,Highly recommend the latte.,4,2022-02-02
1,UBC,49.2606,-123.246,Consistently good coffee.,5,2021-12-08
1,UBC,49.2606,-123.246,My daily go-to spot.,4,2021-07-05
1,UBC,49.2606,-123.246,My order was wrong.,2,2023-03-10
1,UBC,49.2606,-123.246,Excellent quality every time.,4,2025-11-09
1,UBC,49.2606,-123.246,The manager is so nice.,5,2021-09-17
1,UBC,49.2606,-123.246,Best service in town.,4,2024-06-14
1,UBC,49.2606,-123.246,The manager is so nice.,5,2026-02-02
1,UBC,49.2606,-123.246,Excellent quality every time.,5,2025-10-20
1,UBC,49.2606,-123.246,Cleanliness could be improved.,1,2022-11-21
1,UBC,49.2606,-123.246,Best service in town.,5,2022-02-02
1,UBC,49.2606,-123.246,Friendly staff and great atmosphere.,5,2025-01-28
1,UBC,49.2606,-123.246,Great vibes and music.,5,2021-05-16
1,UBC,49.2606,-123.246,My daily go-to spot.,5,2022-12-31
1,UBC,49.2606,-123.246,A bit crowded but worth the wait.,5,2024-08-03
1,UBC,49.2606,-123.246,A bit crowded but worth the wait.,5,2022-05-21
1,UBC,49.2606,-123.246,A bit crowded but worth the wait.,5,2024-01-28
1,UBC,49.2606,-123.246,Average coffee.,3,2025-08-17
1,UBC,49.2606,-123.246,Fast wifi and good seating.,4,2025-03-24
1,UBC,49.2606,-123.246,Always a pleasant experience.,4,2021-04-03
1,UBC,49.2606,-123.246,The manager is so nice.,5,2022-09-30
1,UBC,49.2606,-123.246,Perfect for studying or working.,5,2023-11-20
1,UBC,49.2606,-123.246,The manager is so nice.,5,2022-12-31
1,UBC,49.2606,-123.246,The pastries are amazing.,4,2021-12-21
1,UBC,49.2606,-123.246,Absolutely love this place!,4,2024-01-23
1,UBC,49.2606,-123.246,Not worth the price.,1,2022-01-06
1,UBC,49.2606,-123.246,Excellent quality every time.,5,2026-02-04
1,UBC,49.2606,-123.246,The seating is a bit cramped.,3,2021-07-24
1,UBC,49.2606,-123.246,Always a pleasant experience.,4,2023-06-23
1,UBC,49.2606,-123.246,Best service in town.,4,2025-11-03
1,UBC,49.2606,-123.246,Very noisy and uncomfortable.,1,2022-06-21
1,UBC,49.2606,-123.246,Excellent quality every time.,5,2023-03-12
1,UBC,49.2606,-123.246,The seating is a bit cramped.,3,2022-05-31
1,UBC,49.2606,-123.246,So glad I found this place.,4,2022-06-02
1,UBC,49.2606,-123.246,Disappointed with the service.,2,2021-08-17
1,UBC,49.2606,-123.246,The staff seemed indifferent.,2,2022-07-11
1,UBC,49.2606,-123.246,The manager is so nice.,5,2021-12-22
1,UBC,49.2606,-123.246,Perfect for studying or working.,5,2024-12-23
1,UBC,49.2606,-123.246,Very noisy and uncomfortable.,1,2021-04-29
2,SFU,49.2781,-122.9199,Consistently good coffee.,5,2022-01-04
2,SFU,49.2781,-122.9199,Highly recommend the latte.,5,2023-07-07
2,SFU,49.2781,-122.9199,Very noisy and uncomfortable.,2,2021-03-05
2,SFU,49.2781,-122.9199,Best service in town.,4,2022-04-18
2,SFU,49.2781,-122.9199,Wait was way too long.,2,2021-06-05
2,SFU,49.2781,-122.9199,Not worth the price.,2,2021-06-15
2,SFU,49.2781,-122.9199,Overall a bad experience.,2,2021-12-14
2,SFU,49.2781,-122.9199,A bit crowded but worth the wait.,5,2023-11-04
2,SFU,49.2781,-122.9199,Always a pleasant experience.,4,2022-11-07
2,SFU,49.2781,-122.9199,Absolutely love this place!,5,2025-01-25
2,SFU,49.2781,-122.9199,Standard cafe experience.,3,2025-06-12
2,SFU,49.2781,-122.9199,Cleanliness could be improved.,1,2023-09-05
2,SFU,49.2781,-122.9199,The manager is so nice.,5,2023-11-27
2,SFU,49.2781,-122.9199,Consistently good coffee.,5,2025-06-11
2,SFU,49.2781,-122.9199,Wait times are inconsistent.,3,2022-06-26
2,SFU,49.2781,-122.9199,The pastries are amazing.,4,2025-03-27
2,SFU,49.2781,-122.9199,Excellent quality every time.,5,2022-05-21
2,SFU,49.2781,-122.9199,So glad I found this place.,5,2025-11-24
2,SFU,49.2781,-122.9199,A bit crowded but worth the wait.,4,2022-02-04
2,SFU,49.2781,-122.9199,Highly recommend the latte.,5,2022-10-24
2,SFU,49.2781,-122.9199,The pastries are amazing.,5,2025-10-13
2,SFU,49.2781,-122.9199,Highly recommend the latte.,5,2025-02-14
2,SFU,49.2781,-122.9199,Absolutely love this place!,4,2022-01-09
2,SFU,49.2781,-122.9199,Okay for a quick stop.,3,2023-05-02
2,SFU,49.2781,-122.9199,Excellent quality every time.,4,2024-07-15
2,SFU,49.2781,-122.9199,So glad I found this place.,4,2022-09-20
2,SFU,49.2781,-122.9199,Perfect for studying or working.,5,2023-07-09
2,SFU,49.2781,-122.9199,Best service in town.,5,2024-11-29
2,SFU,49.2781,-122.9199,The service was a bit slow today.,3,2023-01-17
2,SFU,49.2781,-122.9199,"It's alright, nothing special.",3,2025-12-29
2,SFU,49.2781,-122.9199,Excellent quality every time.,4,2023-11-11
2,SFU,49.2781,-122.9199,Average coffee.,3,2025-01-17
2,SFU,49.2781,-122.9199,Great vibes and music.,5,2025-10-31
2,SFU,49.2781,-122.9199,The staff seemed indifferent.,2,2023-03-01
2,SFU,49.2781,-122.9199,My daily go-to spot.,5,2023-07-02
2,SFU,49.2781,-122.9199,Friendly staff and great atmosphere.,5,2022-08-14
2,SFU,49.2781,-122.9199,The pastries are amazing.,5,2023-08-08
2,SFU,49.2781,-122.9199,Great vibes and music.,5,2022-07-02
2,SFU,49.2781,-122.9199,So glad I found this place.,5,2024-02-05
2,SFU,49.2781,-122.9199,The coffee was cold.,2,2024-07-26
2,SFU,49.2781,-122.9199,My daily go-to spot.,5,2022-04-09
2,SFU,49.2781,-122.9199,Always a pleasant experience.,4,2023-05-19
2,SFU,49.2781,-122.9199,Highly recommend the latte.,4,2022-10-31
2,SFU,49.2781,-122.9199,The manager is so nice.,5,2023-10-05
2,SFU,49.2781,-122.9199,The manager is so nice.,4,2023-07-26
2,SFU,49.2781,-122.9199,Highly recommend the latte.,5,2022-04-21
2,SFU,49.2781,-122.9199,Best service in town.,4,2023-01-29
2,SFU,49.2781,-122.9199,Won't be coming back soon.,2,2023-04-06
2,SFU,49.2781,-122.9199,Can be noisy during lunch.,3,2021-03-23
2,SFU,49.2781,-122.9199,The manager is so nice.,5,2022-11-05
2,SFU,49.2781,-122.9199,Excellent quality every time.,5,2022-06-12
2,SFU,49.2781,-122.9199,A bit crowded but worth the wait.,5,2024-09-23
2,SFU,49.2781,-122.9199,A bit crowded but worth the wait.,5,2024-08-14
2,SFU,49.2781,-122.9199,Always a pleasant experience.,4,2025-01-30
2,SFU,49.2781,-122.9199,Friendly staff and great atmosphere.,5,2021-04-11
2,SFU,49.2781,-122.9199,Always a pleasant experience.,4,2021-11-04
2,SFU,49.2781,-122.9199,The manager is so nice.,5,2025-03-16
2,SFU,49.2781,-122.9199,Friendly staff and great atmosphere.,4,2022-01-07
2,SFU,49.2781,-122.9199,Always a pleasant experience.,5,2024-10-29
2,SFU,49.2781,-122.9199,The pastries are amazing.,5,2021-04-09
2,SFU,49.2781,-122.9199,My daily go-to spot.,5,2023-11-21
2,SFU,49.2781,-122.9199,Best service in town.,4,2021-11-12
2,SFU,49.2781,-122.9199,The manager is so nice.,5,2021-07-17
2,SFU,49.2781,-122.9199,Not worth the price.,1,2021-03-24
2,SFU,49.2781,-122.9199,"It's alright, nothing special.",3,2022-06-08
2,SFU,49.2781,-122.9199,Absolutely love this place!,5,2025-05-25
2,SFU,49.2781,-122.9199,The seating is a bit cramped.,3,2023-09-03
2,SFU,49.2781,-122.9199,Absolutely love this place!,4,2025-11-20
2,SFU,49.2781,-122.9199,Cleanliness could be improved.,1,2025-04-05
2,SFU,49.2781,-122.9199,The pastries are amazing.,5,2025-09-07
2,SFU,49.2781,-122.9199,Fast wifi and good seating.,4,2023-11-10
2,SFU,49.2781,-122.9199,A bit on the expensive side.,3,2021-09-04
2,SFU,49.2781,-122.9199,Absolutely love this place!,5,2024-09-20
2,SFU,49.2781,-122.9199,Absolutely love this place!,5,2025-12-13
2,SFU,49.2781,-122.9199,Friendly staff and great atmosphere.,5,2022-07-01
2,SFU,49.2781,-122.9199,Always a pleasant experience.,4,2023-10-11
2,SFU,49.2781,-122.9199,Perfect for studying or working.,5,2024-11-15
2,SFU,49.2781,-122.9199,The manager is so nice.,5,2025-03-10
2,SFU,49.2781,-122.9199,Always a pleasant experience.,5,2025-09-28
2,SFU,49.2781,-122.9199,The manager is so nice.,4,2025-05-07
2,SFU,49.2781,-122.9199,Excellent quality every time.,5,2025-01-02
2,SFU,49.2781,-122.9199,My daily go-to spot.,4,2022-01-26
2,SFU,49.2781,-122.9199,Always a pleasant experience.,4,2022-03-31
2,SFU,49.2781,-122.9199,Excellent quality every time.,5,2023-08-23
2,SFU,49.2781,-122.9199,Best service in town.,4,2025-07-03
2,SFU,49.2781,-122.9199,Perfect for studying or working.,5,2021-05-11
2,SFU,49.2781,-122.9199,Cleanliness could be improved.,2,2023-05-10
2,SFU,49.2781,-122.9199,Absolutely love this place!,5,2025-03-28
2,SFU,49.2781,-122.9199,Fast wifi and good seating.,5,2024-03-25
2,SFU,49.2781,-122.9199,My daily go-to spot.,5,2022-03-31
2,SFU,49.2781,-122.9199,The pastries are amazing.,5,2024-08-12
2,SFU,49.2781,-122.9199,Great vibes and music.,5,2026-01-07
2,SFU,49.2781,-122.9199,The pastries are amazing.,5,2022-10-26
2,SFU,49.2781,-122.9199,Friendly staff and great atmosphere.,4,2023-01-04
2,SFU,49.2781,-122.9199,My daily go-to spot.,4,2024-06-12
2,SFU,49.2781,-122.9199,Absolutely love this place!,4,2024-01-20
2,SFU,49.2781,-122.9199,The pastries are amazing.,4,2021-04-03
2,SFU,49.2781,-122.9199,A bit on the expensive side.,3,2024-07-23
2,SFU,49.2781,-122.9199,The manager is so nice.,5,2021-11-13
2,SFU,49.2781,-122.9199,Perfect for studying or working.,4,2025-03-12
2,SFU,49.2781,-122.9199,Always a pleasant experience.,5,2023-09-09
2,SFU,49.2781,-122.9199,Very noisy and uncomfortable.,2,2025-05-27
2,SFU,49.2781,-122.9199,Best service in town.,5,2025-05-10
2,SFU,49.2781,-122.9199,Absolutely love this place!,4,2021-06-10
2,SFU,49.2781,-122.9199,The manager is so nice.,5,2023-05-16
2,SFU,49.2781,-122.9199,Cleanliness could be improved.,2,2025-10-27
2,SFU,49.2781,-122.9199,The pastries are amazing.,5,2025-03-02
2,SFU,49.2781,-122.9199,"It's alright, nothing special.",3,2021-08-05
2,SFU,49.2781,-122.9199,Fast wifi and good seating.,5,2025-05-07
2,SFU,49.2781,-122.9199,A bit crowded but worth the wait.,5,2025-09-11
2,SFU,49.2781,-122.9199,Won't be coming back soon.,1,2021-09-06
2,SFU,49.2781,-122.9199,The manager is so nice.,4,2022-03-16
2,SFU,49.2781,-122.9199,Always a pleasant experience.,5,2025-11-06
2,SFU,49.2781,-122.9199,Wait times are inconsistent.,3,2021-05-05
2,SFU,49.2781,-122.9199,My order was wrong.,2,2022-07-24
2,SFU,49.2781,-122.9199,The service was a bit slow today.,3,2025-03-25
2,SFU,49.2781,-122.9199,Excellent quality every time.,4,2024-01-19
2,SFU,49.2781,-122.9199,Perfect for studying or working.,5,2022-02-01
2,SFU,49.2781,-122.9199,Great vibes and music.,5,2021-11-14
2,SFU,49.2781,-122.9199,Great vibes and music.,5,2022-03-14
2,SFU,49.2781,-122.9199,Perfect for studying or working.,5,2022-11-08
2,SFU,49.2781,-122.9199,Perfect for studying or working.,5,2021-02-19
2,SFU,49.2781,-122.9199,Can be noisy during lunch.,3,2025-04-09
2,SFU,49.2781,-122.9199,The staff seemed indifferent.,1,2021-10-24
2,SFU,49.2781,-122.9199,Fast wifi and good seating.,5,2023-06-01
2,SFU,49.2781,-122.9199,The pastries are amazing.,5,2025-07-15
2,SFU,49.2781,-122.9199,Okay for a quick stop.,3,2021-03-17
2,SFU,49.2781,-122.9199,Great vibes and music.,4,2025-07-01
2,SFU,49.2781,-122.9199,So glad I found this place.,5,2023-11-16
2,SFU,49.2781,-122.9199,The manager is so nice.,5,2024-09-04
2,SFU,49.2781,-122.9199,The pastries are amazing.,4,2022-05-23
2,SFU,49.2781,-122.9199,Excellent quality every time.,4,2024-03-21
2,SFU,49.2781,-122.9199,Very noisy and uncomfortable.,1,2022-10-14
2,SFU,49.2781,-122.9199,Consistently good coffee.,4,2025-06-21
2,SFU,49.2781,-122.9199,So glad I found this place.,4,2021-03-04
2,SFU,49.2781,-122.9199,Friendly staff and great atmosphere.,4,2024-11-06
2,SFU,49.2781,-122.9199,Always a pleasant experience.,5,2026-01-23
2,SFU,49.2781,-122.9199,Absolutely love this place!,5,2025-09-13
2,SFU,49.2781,-122.9199,The pastries are amazing.,4,2024-03-11
2,SFU,49.2781,-122.9199,So glad I found this place.,4,2022-11-24
2,SFU,49.2781,-122.9199,So glad I found this place.,5,2025-09-21
2,SFU,49.2781,-122.9199,Decent food options.,3,2024-11-29
2,SFU,49.2781,-122.9199,Won't be coming back soon.,2,2024-04-13
2,SFU,49.2781,-122.9199,Disappointed with the service.,1,2023-09-24
2,SFU,49.2781,-122.9199,Not worth the price.,1,2025-10-21
2,SFU,49.2781,-122.9199,The seating is a bit cramped.,3,2024-07-02
2,SFU,49.2781,-122.9199,The manager is so nice.,5,2025-05-23
2,SFU,49.2781,-122.9199,Perfect for studying or working.,4,2024-04-11
2,SFU,49.2781,-122.9199,Consistently good coffee.,5,2025-10-16
2,SFU,49.2781,-122.9199,Wait times are inconsistent.,3,2022-05-16
3,Downtown,49.2827,-123.1207,Great vibes and music.,5,2022-01-27
3,Downtown,49.2827,-123.1207,Highly recommend the latte.,5,2025-12-02
3,Downtown,49.2827,-123.1207,The seating is a bit cramped.,3,2023-02-22
3,Downtown,49.2827,-123.1207,Fast wifi and good seating.,5,2021-08-23
3,Downtown,49.2827,-123.1207,Best service in town.,4,2025-05-20
3,Downtown,49.2827,-123.1207,Great vibes and music.,4,2024-10-22
3,Downtown,49.2827,-123.1207,A bit crowded but worth the wait.,4,2022-05-09
3,Downtown,49.2827,-123.1207,Great vibes and music.,5,2022-10-18
3,Downtown,49.2827,-123.1207,The manager is so nice.,4,2025-12-13
3,Downtown,49.2827,-123.1207,Okay for a quick stop.,3,2022-12-24
3,Downtown,49.2827,-123.1207,Always a pleasant experience.,5,2024-04-22
3,Downtown,49.2827,-123.1207,Best service in town.,5,2022-08-27
3,Downtown,49.2827,-123.1207,Okay for a quick stop.,3,2024-08-24
3,Downtown,49.2827,-123.1207,Perfect for studying or working.,4,2023-10-11
3,Downtown,49.2827,-123.1207,So glad I found this place.,5,2024-04-20
3,Downtown,49.2827,-123.1207,Fast wifi and good seating.,4,2024-01-08
3,Downtown,49.2827,-123.1207,Fast wifi and good seating.,5,2024-06-10
3,Downtown,49.2827,-123.1207,Disappointed with the service.,2,2021-09-21
3,Downtown,49.2827,-123.1207,Excellent quality every time.,4,2021-02-21
3,Downtown,49.2827,-123.1207,A bit on the expensive side.,3,2025-11-05
3,Downtown,49.2827,-123.1207,A bit on the expensive side.,3,2024-06-27
3,Downtown,49.2827,-123.1207,The pastries are amazing.,5,2022-04-25
3,Downtown,49.2827,-123.1207,Absolutely love this place!,5,2022-10-22
3,Downtown,49.2827,-123.1207,Best service in town.,4,2024-03-10
3,Downtown,49.2827,-123.1207,Friendly staff and great atmosphere.,4,2021-02-10
3,Downtown,49.2827,-123.1207,The manager is so nice.,5,2023-01-27
3,Downtown,49.2827,-123.1207,Highly recommend the latte.,4,2022-03-26
3,Downtown,49.2827,-123.1207,My daily go-to spot.,5,2024-11-19
3,Downtown,49.2827,-123.1207,Not worth the price.,2,2022-01-18
3,Downtown,49.2827,-123.1207,A bit on the expensive side.,3,2025-12-27
3,Downtown,49.2827,-123.1207,My order was wrong.,1,2022-04-24
3,Downtown,49.2827,-123.1207,Great vibes and music.,5,2025-12-21
3,Downtown,49.2827,-123.1207,Very noisy and uncomfortable.,2,2024-03-16
3,Downtown,49.2827,-123.1207,Overall a bad experience.,1,2023-04-12
3,Downtown,49.2827,-123.1207,The coffee was cold.,2,2023-12-17
3,Downtown,49.2827,-123.1207,The manager is so nice.,4,2021-08-28
3,Downtown,49.2827,-123.1207,Perfect for studying or working.,5,2021-10-02
3,Downtown,49.2827,-123.1207,Consistently good coffee.,4,2023-01-31
3,Downtown,49.2827,-123.1207,So glad I found this place.,5,2024-02-21
3,Downtown,49.2827,-123.1207,Friendly staff and great atmosphere.,4,2022-05-13
3,Downtown,49.2827,-123.1207,My order was wrong.,2,2023-12-25
3,Downtown,49.2827,-123.1207,Perfect for studying or working.,4,2021-02-18
3,Downtown,49.2827,-123.1207,A bit on the expensive side.,3,2023-04-03
3,Downtown,49.2827,-123.1207,Best service in town.,4,2025-10-13
3,Downtown,49.2827,-123.1207,The pastries are amazing.,5,2025-01-26
3,Downtown,49.2827,-123.1207,So glad I found this place.,4,2022-12-08
3,Downtown,49.2827,-123.1207,The manager is so nice.,5,2025-12-28
3,Downtown,49.2827,-123.1207,Friendly staff and great atmosphere.,4,2024-06-21
3,Downtown,49.2827,-123.1207,Excellent quality every time.,4,2021-10-19
3,Downtown,49.2827,-123.1207,A bit on the expensive side.,3,2023-12-29
3,Downtown,49.2827,-123.1207,The manager is so nice.,4,2024-11-30
3,Downtown,49.2827,-123.1207,Average coffee.,3,2021-06-03
3,Downtown,49.2827,-123.1207,My order was wrong.,1,2023-11-13
3,Downtown,49.2827,-123.1207,A bit on the expensive side.,3,2024-05-14
3,Downtown,49.2827,-123.1207,Best service in town.,5,2022-01-20
3,Downtown,49.2827,-123.1207,Consistently good coffee.,5,2022-03-25
3,Downtown,49.2827,-123.1207,Always a pleasant experience.,5,2025-12-03
3,Downtown,49.2827,-123.1207,Fast wifi and good seating.,4,2022-02-21
3,Downtown,49.2827,-123.1207,Fast wifi and good seating.,4,2023-05-07
3,Downtown,49.2827,-123.1207,Excellent quality every time.,4,2023-10-06
3,Downtown,49.2827,-123.1207,Always a pleasant experience.,4,2026-01-09
3,Downtown,49.2827,-123.1207,The seating is a bit cramped.,3,2021-12-14
3,Downtown,49.2827,-123.1207,Excellent quality every time.,5,2021-11-07
3,Downtown,49.2827,-123.1207,The manager is so nice.,4,2025-06-26
3,Downtown,49.2827,-123.1207,Perfect for studying or working.,5,2023-06-27
3,Downtown,49.2827,-123.1207,Cleanliness could be improved.,1,2021-09-11
3,Downtown,49.2827,-123.1207,The coffee was cold.,2,2025-05-20
3,Downtown,49.2827,-123.1207,Wait times are inconsistent.,3,2022-08-09
3,Downtown,49.2827,-123.1207,Perfect for studying or working.,5,2023-10-07
3,Downtown,49.2827,-123.1207,"It's alright, nothing special.",3,2023-04-17
3,Downtown,49.2827,-123.1207,Not worth the price.,1,2024-10-09
3,Downtown,49.2827,-123.1207,Friendly staff and great atmosphere.,5,2025-03-28
3,Downtown,49.2827,-123.1207,Consistently good coffee.,5,2023-06-16
3,Downtown,49.2827,-123.1207,The service was a bit slow today.,3,2023-10-31
3,Downtown,49.2827,-123.1207,Can be noisy during lunch.,3,2023-09-17
3,Downtown,49.2827,-123.1207,Absolutely love this place!,5,2022-11-06
3,Downtown,49.2827,-123.1207,Friendly staff and great atmosphere.,5,2025-12-29
3,Downtown,49.2827,-123.1207,Wait times are inconsistent.,3,2025-11-11
3,Downtown,49.2827,-123.1207,Average coffee.,3,2025-01-28
3,Downtown,49.2827,-123.1207,Okay for a quick stop.,3,2023-01-27
3,Downtown,49.2827,-123.1207,So glad I found this place.,5,2024-01-05
3,Downtown,49.2827,-123.1207,Best service in town.,5,2025-03-21
3,Downtown,49.2827,-123.1207,Perfect for studying or working.,5,2022-06-06
3,Downtown,49.2827,-123.1207,Consistently good coffee.,4,2021-07-30
3,Downtown,49.2827,-123.1207,Best service in town.,4,2022-07-18
3,Downtown,49.2827,-123.1207,Wait times are inconsistent.,3,2025-05-14
3,Downtown,49.2827,-123.1207,A bit crowded but worth the wait.,5,2022-12-29
3,Downtown,49.2827,-123.1207,My daily go-to spot.,5,2025-12-22
3,Downtown,49.2827,-123.1207,My daily go-to spot.,4,2026-01-19
3,Downtown,49.2827,-123.1207,Fast wifi and good seating.,5,2022-09-15
3,Downtown,49.2827,-123.1207,So glad I found this place.,5,2024-06-30
3,Downtown,49.2827,-123.1207,Wait times are inconsistent.,3,2024-09-04
3,Downtown,49.2827,-123.1207,The seating is a bit cramped.,3,2021-03-27
3,Downtown,49.2827,-123.1207,Absolutely love this place!,4,2021-03-01
3,Downtown,49.2827,-123.1207,Best service in town.,5,2022-04-10
3,Downtown,49.2827,-123.1207,The manager is so nice.,5,2025-11-27
3,Downtown,49.2827,-123.1207,So glad I found this place.,4,2025-10-01
3,Downtown,49.2827,-123.1207,The coffee was cold.,2,2022-09-26
3,Downtown,49.2827,-123.1207,Okay for a quick stop.,3,2025-07-13
3,Downtown,49.2827,-123.1207,Average coffee.,3,2021-09-20
3,Downtown,49.2827,-123.1207,Fast wifi and good seating.,5,2024-03-18
3,Downtown,49.2827,-123.1207,The manager is so nice.,4,2025-12-29
3,Downtown,49.2827,-123.1207,My order was wrong.,2,2023-04-09
3,Downtown,49.2827,-123.1207,Always a pleasant experience.,5,2022-10-11
3,Downtown,49.2827,-123.1207,The coffee was cold.,1,2022-01-25
3,Downtown,49.2827,-123.1207,My daily go-to spot.,4,2023-12-30
3,Downtown,49.2827,-123.1207,Highly recommend the latte.,4,2022-01-27
3,Downtown,49.2827,-123.1207,Okay for a quick stop.,3,2022-03-14
3,Downtown,49.2827,-123.1207,Overall a bad experience.,2,2025-11-03
3,Downtown,49.2827,-123.1207,Excellent quality every time.,5,2021-09-23
3,Downtown,49.2827,-123.1207,Highly recommend the latte.,4,2021-12-25
3,Downtown,49.2827,-123.1207,So glad I found this place.,5,2024-02-20
3,Downtown,49.2827,-123.1207,So glad I found this place.,5,2024-05-23
3,Downtown,49.2827,-123.1207,Okay for a quick stop.,3,2026-01-23
3,Downtown,49.2827,-123.1207,The manager is so nice.,5,2022-01-22
3,Downtown,49.2827,-123.1207,Standard cafe experience.,3,2021-05-13
3,Downtown,49.2827,-123.1207,Consistently good coffee.,4,2024-11-16
3,Downtown,49.2827,-123.1207,Always a pleasant experience.,5,2025-06-10
3,Downtown,49.2827,-123.1207,Highly recommend the latte.,5,2023-03-04
3,Downtown,49.2827,-123.1207,Fast wifi and good seating.,5,2024-03-03
3,Downtown,49.2827,-123.1207,My daily go-to spot.,4,2023-12-21
3,Downtown,49.2827,-123.1207,Best service in town.,4,2023-05-10
3,Downtown,49.2827,-123.1207,Best service in town.,5,2021-06-28
3,Downtown,49.2827,-123.1207,Great vibes and music.,5,2022-09-24
3,Downtown,49.2827,-123.1207,Consistently good coffee.,4,2021-11-09
3,Downtown,49.2827,-123.1207,My daily go-to spot.,5,2024-10-31
3,Downtown,49.2827,-123.1207,Consistently good coffee.,4,2022-06-08
3,Downtown,49.2827,-123.1207,Absolutely love this place!,5,2024-04-27
3,Downtown,49.2827,-123.1207,Overall a bad experience.,2,2021-09-30
3,Downtown,49.2827,-123.1207,Best service in town.,5,2023-04-01
3,Downtown,49.2827,-123.1207,Can be noisy during lunch.,3,2025-02-19
3,Downtown,49.2827,-123.1207,Excellent quality every time.,4,2024-03-12
3,Downtown,49.2827,-123.1207,Excellent quality every time.,5,2024-02-06
3,Downtown,49.2827,-123.1207,Standard cafe experience.,3,2022-05-13
3,Downtown,49.2827,-123.1207,Consistently good coffee.,5,2021-06-21
3,Downtown,49.2827,-123.1207,My daily go-to spot.,5,2023-01-27
3,Downtown,49.2827,-123.1207,A bit on the expensive side.,3,2023-08-10
3,Downtown,49.2827,-123.1207,Standard cafe experience.,3,2021-07-20
3,Downtown,49.2827,-123.1207,A bit crowded but worth the wait.,5,2023-11-19
3,Downtown,49.2827,-123.1207,The pastries are amazing.,5,2023-10-01
3,Downtown,49.2827,-123.1207,Wait was way too long.,2,2021-06-06
3,Downtown,49.2827,-123.1207,My daily go-to spot.,5,2023-12-18
3,Downtown,49.2827,-123.1207,The coffee was cold.,2,2025-04-23
3,Downtown,49.2827,-123.1207,Perfect for studying or working.,5,2021-05-31
3,Downtown,49.2827,-123.1207,Highly recommend the latte.,5,2022-11-01
3,Downtown,49.2827,-123.1207,"It's alright, nothing special.",3,2024-01-06
3,Downtown,49.2827,-123.1207,The pastries are amazing.,5,2022-01-26
3,Downtown,49.2827,-123.1207,Consistently good coffee.,4,2023-05-07
3,Downtown,49.2827,-123.1207,Perfect for studying or working.,4,2023-01-04
3,Downtown,49.2827,-123.1207,The manager is so nice.,5,2024-05-25
4,Main Street,49.2435,-123.1012,Standard cafe experience.,3,2022-12-27
4,Main Street,49.2435,-123.1012,Consistently good coffee.,4,2024-09-30
4,Main Street,49.2435,-123.1012,A bit crowded but worth the wait.,4,2024-07-14
4,Main Street,49.2435,-123.1012,Disappointed with the service.,2,2025-06-16
4,Main Street,49.2435,-123.1012,Perfect for studying or working.,5,2024-10-26
4,Main Street,49.2435,-123.1012,Always a pleasant experience.,4,2025-06-24
4,Main Street,49.2435,-123.1012,Standard cafe experience.,3,2024-06-08
4,Main Street,49.2435,-123.1012,Excellent quality every time.,4,2024-10-06
4,Main Street,49.2435,-123.1012,Highly recommend the latte.,4,2022-04-18
4,Main Street,49.2435,-123.1012,Great vibes and music.,4,2024-06-16
4,Main Street,49.2435,-123.1012,The service was a bit slow today.,3,2021-02-15
4,Main Street,49.2435,-123.1012,A bit crowded but worth the wait.,4,2021-09-08
4,Main Street,49.2435,-123.1012,Highly recommend the latte.,5,2023-06-16
4,Main Street,49.2435,-123.1012,Absolutely love this place!,5,2024-07-29
4,Main Street,49.2435,-123.1012,Always a pleasant experience.,5,2025-09-16
4,Main Street,49.2435,-123.1012,Fast wifi and good seating.,5,2025-07-09
4,Main Street,49.2435,-123.1012,A bit crowded but worth the wait.,5,2024-12-20
4,Main Street,49.2435,-123.1012,Friendly staff and great atmosphere.,5,2023-05-28
4,Main Street,49.2435,-123.1012,Always a pleasant experience.,4,2021-09-22
4,Main Street,49.2435,-123.1012,Wait was way too long.,2,2025-02-24
4,Main Street,49.2435,-123.1012,Perfect for studying or working.,4,2022-06-08
4,Main Street,49.2435,-123.1012,A bit crowded but worth the wait.,4,2022-06-26
4,Main Street,49.2435,-123.1012,Always a pleasant experience.,4,2023-07-08
4,Main Street,49.2435,-123.1012,The coffee was cold.,2,2025-03-12
4,Main Street,49.2435,-123.1012,The pastries are amazing.,4,2024-06-11
4,Main Street,49.2435,-123.1012,Always a pleasant experience.,5,2025-11-22
4,Main Street,49.2435,-123.1012,A bit on the expensive side.,3,2024-12-15
4,Main Street,49.2435,-123.1012,Friendly staff and great atmosphere.,4,2021-08-20
4,Main Street,49.2435,-123.1012,So glad I found this place.,5,2023-10-10
4,Main Street,49.2435,-123.1012,A bit crowded but worth the wait.,4,2023-01-13
4,Main Street,49.2435,-123.1012,Great vibes and music.,4,2024-07-25
4,Main Street,49.2435,-123.1012,The staff seemed indifferent.,1,2023-07-25
4,Main Street,49.2435,-123.1012,Disappointed with the service.,2,2022-11-05
4,Main Street,49.2435,-123.1012,Best service in town.,5,2025-03-11
4,Main Street,49.2435,-123.1012,Best service in town.,5,2025-10-22
4,Main Street,49.2435,-123.1012,Always a pleasant experience.,4,2023-02-27
4,Main Street,49.2435,-123.1012,Great vibes and music.,4,2025-09-27
4,Main Street,49.2435,-123.1012,Friendly staff and great atmosphere.,4,2024-04-18
4,Main Street,49.2435,-123.1012,Great vibes and music.,4,2023-07-27
4,Main Street,49.2435,-123.1012,A bit crowded but worth the wait.,5,2025-10-24
4,Main Street,49.2435,-123.1012,Average coffee.,3,2026-01-05
4,Main Street,49.2435,-123.1012,Great vibes and music.,4,2025-06-27
4,Main Street,49.2435,-123.1012,A bit crowded but worth the wait.,4,2023-12-26
4,Main Street,49.2435,-123.1012,Consistently good coffee.,5,2024-06-22
4,Main Street,49.2435,-123.1012,Consistently good coffee.,5,2024-06-23
4,Main Street,49.2435,-123.1012,Average coffee.,3,2023-09-16
4,Main Street,49.2435,-123.1012,Best service in town.,5,2023-10-21
4,Main Street,49.2435,-123.1012,Always a pleasant experience.,5,2023-09-21
4,Main Street,49.2435,-123.1012,Friendly staff and great atmosphere.,5,2021-07-20
4,Main Street,49.2435,-123.1012,The coffee was cold.,1,2025-01-19
4,Main Street,49.2435,-123.1012,Always a pleasant experience.,4,2025-10-11
4,Main Street,49.2435,-123.1012,Okay for a quick stop.,3,2023-01-19
4,Main Street,49.2435,-123.1012,Excellent quality every time.,4,2021-10-25
4,Main Street,49.2435,-123.1012,Absolutely love this place!,5,2023-11-03
4,Main Street,49.2435,-123.1012,Wait was way too long.,2,2025-06-28
4,Main Street,49.2435,-123.1012,Friendly staff and great atmosphere.,5,2025-12-07
4,Main Street,49.2435,-123.1012,Average coffee.,3,2021-03-29
4,Main Street,49.2435,-123.1012,Consistently good coffee.,5,2024-09-13
4,Main Street,49.2435,-123.1012,The coffee was cold.,2,2023-05-26
4,Main Street,49.2435,-123.1012,Always a pleasant experience.,5,2023-04-19
4,Main Street,49.2435,-123.1012,The pastries are amazing.,5,2025-10-04
4,Main Street,49.2435,-123.1012,Friendly staff and great atmosphere.,5,2021-10-29
4,Main Street,49.2435,-123.1012,Cleanliness could be improved.,2,2024-09-10
4,Main Street,49.2435,-123.1012,The pastries are amazing.,5,2024-12-26
4,Main Street,49.2435,-123.1012,Always a pleasant experience.,5,2021-07-10
4,Main Street,49.2435,-123.1012,The seating is a bit cramped.,3,2021-09-29
4,Main Street,49.2435,-123.1012,Fast wifi and good seating.,5,2024-08-25
4,Main Street,49.2435,-123.1012,Excellent quality every time.,4,2024-06-04
4,Main Street,49.2435,-123.1012,A bit crowded but worth the wait.,4,2022-01-08
4,Main Street,49.2435,-123.1012,The pastries are amazing.,5,2022-05-18
4,Main Street,49.2435,-123.1012,Great vibes and music.,4,2023-09-24
4,Main Street,49.2435,-123.1012,Can be noisy during lunch.,3,2024-10-28
4,Main Street,49.2435,-123.1012,Overall a bad experience.,1,2024-02-15
4,Main Street,49.2435,-123.1012,Very noisy and uncomfortable.,2,2023-11-27
4,Main Street,49.2435,-123.1012,The staff seemed indifferent.,1,2023-07-15
4,Main Street,49.2435,-123.1012,The staff seemed indifferent.,2,2023-10-31
4,Main Street,49.2435,-123.1012,Overall a bad experience.,2,2023-02-20
4,Main Street,49.2435,-123.1012,Wait times are inconsistent.,3,2021-02-25
4,Main Street,49.2435,-123.1012,The coffee was cold.,2,2021-09-01
4,Main Street,49.2435,-123.1012,Cleanliness could be improved.,1,2024-03-23
4,Main Street,49.2435,-123.1012,Wait times are inconsistent.,3,2024-10-27
4,Main Street,49.2435,-123.1012,Highly recommend the latte.,5,2026-01-12
4,Main Street,49.2435,-123.1012,Not worth the price.,2,2021-05-23
4,Main Street,49.2435,-123.1012,Not worth the price.,2,2022-04-09
4,Main Street,49.2435,-123.1012,Fast wifi and good seating.,5,2025-06-27
4,Main Street,49.2435,-123.1012,Wait times are inconsistent.,3,2024-08-08
4,Main Street,49.2435,-123.1012,Absolutely love this place!,5,2021-10-24
4,Main Street,49.2435,-123.1012,My order was wrong.,1,2023-03-16
4,Main Street,49.2435,-123.1012,Perfect for studying or working.,4,2023-01-14
4,Main Street,49.2435,-123.1012,Highly recommend the latte.,4,2025-03-04
4,Main Street,49.2435,-123.1012,The manager is so nice.,5,2021-08-13
4,Main Street,49.2435,-123.1012,Great vibes and music.,4,2021-06-30
4,Main Street,49.2435,-123.1012,Consistently good coffee.,5,2023-09-04
4,Main Street,49.2435,-123.1012,Great vibes and music.,5,2024-09-19
4,Main Street,49.2435,-123.1012,The manager is so nice.,5,2024-12-17
4,Main Street,49.2435,-123.1012,Always a pleasant experience.,5,2024-09-15
4,Main Street,49.2435,-123.1012,Highly recommend the latte.,5,2022-10-29
4,Main Street,49.2435,-123.1012,The seating is a bit cramped.,3,2025-05-23
4,Main Street,49.2435,-123.1012,A bit on the expensive side.,3,2022-01-07
4,Main Street,49.2435,-123.1012,The pastries are amazing.,5,2021-09-08
4,Main Street,49.2435,-123.1012,Highly recommend the latte.,4,2022-06-01
4,Main Street,49.2435,-123.1012,Can be noisy during lunch.,3,2022-11-14
4,Main Street,49.2435,-123.1012,Highly recommend the latte.,4,2022-03-01
4,Main Street,49.2435,-123.1012,Friendly staff and great atmosphere.,4,2024-11-27
4,Main Street,49.2435,-123.1012,Fast wifi and good seating.,4,2025-09-08
4,Main Street,49.2435,-123.1012,Friendly staff and great atmosphere.,5,2024-09-18
4,Main Street,49.2435,-123.1012,Absolutely love this place!,5,2024-05-29
4,Main Street,49.2435,-123.1012,A bit crowded but worth the wait.,4,2023-10-14
4,Main Street,49.2435,-123.1012,Wait was way too long.,2,2024-05-19
4,Main Street,49.2435,-123.1012,"It's alright, nothing special.",3,2022-12-20
4,Main Street,49.2435,-123.1012,Standard cafe experience.,3,2023-03-21
4,Main Street,49.2435,-123.1012,The seating is a bit cramped.,3,2022-07-31
4,Main Street,49.2435,-123.1012,Friendly staff and great atmosphere.,4,2023-05-30
4,Main Street,49.2435,-123.1012,The manager is so nice.,4,2025-12-17
4,Main Street,49.2435,-123.1012,Excellent quality every time.,5,2021-06-10
4,Main Street,49.2435,-123.1012,So glad I found this place.,5,2023-02-24
4,Main Street,49.2435,-123.1012,Best service in town.,5,2022-03-01
4,Main Street,49.2435,-123.1012,Highly recommend the latte.,5,2024-07-03
4,Main Street,49.2435,-123.1012,Disappointed with the service.,2,2021-09-14
4,Main Street,49.2435,-123.1012,Excellent quality every time.,5,2021-08-06
4,Main Street,49.2435,-123.1012,Excellent quality every time.,5,2025-06-23
4,Main Street,49.2435,-123.1012,Great vibes and music.,4,2023-02-09
4,Main Street,49.2435,-123.1012,Fast wifi and good seating.,5,2026-01-29
4,Main Street,49.2435,-123.1012,Highly recommend the latte.,4,2021-10-06
4,Main Street,49.2435,-123.1012,The pastries are amazing.,5,2022-07-11
4,Main Street,49.2435,-123.1012,Disappointed with the service.,1,2022-05-15
4,Main Street,49.2435,-123.1012,A bit crowded but worth the wait.,4,2024-04-07
4,Main Street,49.2435,-123.1012,Great vibes and music.,5,2021-06-23
4,Main Street,49.2435,-123.1012,Excellent quality every time.,5,2025-06-28
4,Main Street,49.2435,-123.1012,My order was wrong.,1,2022-07-06
4,Main Street,49.2435,-123.1012,The service was a bit slow today.,3,2022-07-06
4,Main Street,49.2435,-123.1012,Can be noisy during lunch.,3,2021-04-03
4,Main Street,49.2435,-123.1012,Always a pleasant experience.,5,2026-01-16
4,Main Street,49.2435,-123.1012,The pastries are amazing.,4,2025-08-05
4,Main Street,49.2435,-123.1012,The manager is so nice.,4,2025-08-17
4,Main Street,49.2435,-123.1012,Great vibes and music.,4,2024-01-29
4,Main Street,49.2435,-123.1012,Cleanliness could be improved.,1,2022-01-16
4,Main Street,49.2435,-123.1012,Won't be coming back soon.,2,2025-07-08
4,Main Street,49.2435,-123.1012,A bit crowded but worth the wait.,5,2022-10-01
4,Main Street,49.2435,-123.1012,Great vibes and music.,4,2024-01-11
4,Main Street,49.2435,-123.1012,The coffee was cold.,2,2025-12-31
4,Main Street,49.2435,-123.1012,The seating is a bit cramped.,3,2025-09-18
4,Main Street,49.2435,-123.1012,Consistently good coffee.,5,2024-01-07
4,Main Street,49.2435,-123.1012,Consistently good coffee.,5,2024-09-18
4,Main Street,49.2435,-123.1012,Won't be coming back soon.,2,2024-07-16
4,Main Street,49.2435,-123.1012,Okay for a quick stop.,3,2021-02-16
4,Main Street,49.2435,-123.1012,Best service in town.,5,2023-04-04
4,Main Street,49.2435,-123.1012,Decent food options.,3,2022-02-10
4,Main Street,49.2435,-123.1012,So glad I found this place.,5,2021-05-06
4,Main Street,49.2435,-123.1012,Highly recommend the latte.,4,2023-10-29
5,Richmond,49.1666,-123.1336,Decent food options.,3,2023-11-26
5,Richmond,49.1666,-123.1336,Great vibes and music.,5,2025-05-22
5,Richmond,49.1666,-123.1336,Decent food options.,3,2021-11-17
5,Richmond,49.1666,-123.1336,A bit crowded but worth the wait.,5,2021-06-28
5,Richmond,49.1666,-123.1336,Disappointed with the service.,2,2025-09-02
5,Richmond,49.1666,-123.1336,Absolutely love this place!,5,2021-07-09
5,Richmond,49.1666,-123.1336,Fast wifi and good seating.,5,2021-08-13
5,Richmond,49.1666,-123.1336,Friendly staff and great atmosphere.,4,2024-01-08
5,Richmond,49.1666,-123.1336,Not worth the price.,1,2024-09-15
5,Richmond,49.1666,-123.1336,Great vibes and music.,4,2023-08-02
5,Richmond,49.1666,-123.1336,Won't be coming back soon.,2,2022-09-03
5,Richmond,49.1666,-123.1336,Absolutely love this place!,4,2023-06-24
5,Richmond,49.1666,-123.1336,The staff seemed indifferent.,2,2022-07-21
5,Richmond,49.1666,-123.1336,Not worth the price.,2,2025-01-12
5,Richmond,49.1666,-123.1336,Best service in town.,4,2022-03-29
5,Richmond,49.1666,-123.1336,Excellent quality every time.,4,2022-06-24
5,Richmond,49.1666,-123.1336,The pastries are amazing.,4,2022-12-18
5,Richmond,49.1666,-123.1336,Standard cafe experience.,3,2021-06-09
5,Richmond,49.1666,-123.1336,So glad I found this place.,4,2021-05-30
5,Richmond,49.1666,-123.1336,Always a pleasant experience.,4,2021-08-07
5,Richmond,49.1666,-123.1336,Best service in town.,5,2024-05-22
5,Richmond,49.1666,-123.1336,Perfect for studying or working.,4,2025-07-31
5,Richmond,49.1666,-123.1336,A bit crowded but worth the wait.,5,2025-01-07
5,Richmond,49.1666,-123.1336,A bit crowded but worth the wait.,4,2023-04-25
5,Richmond,49.1666,-123.1336,Disappointed with the service.,1,2021-10-02
5,Richmond,49.1666,-123.1336,Great vibes and music.,5,2024-02-18
5,Richmond,49.1666,-123.1336,Absolutely love this place!,4,2022-06-14
5,Richmond,49.1666,-123.1336,Perfect for studying or working.,5,2021-08-16
5,Richmond,49.1666,-123.1336,Fast wifi and good seating.,5,2024-02-06
5,Richmond,49.1666,-123.1336,Friendly staff and great atmosphere.,4,2022-10-23
5,Richmond,49.1666,-123.1336,My order was wrong.,2,2025-11-17
5,Richmond,49.1666,-123.1336,Cleanliness could be improved.,2,2021-10-05
5,Richmond,49.1666,-123.1336,The pastries are amazing.,5,2025-06-28
5,Richmond,49.1666,-123.1336,Perfect for studying or working.,4,2025-01-19
5,Richmond,49.1666,-123.1336,Absolutely love this place!,4,2024-08-01
5,Richmond,49.1666,-123.1336,Always a pleasant experience.,5,2025-12-08
5,Richmond,49.1666,-123.1336,My order was wrong.,2,2022-04-15
5,Richmond,49.1666,-123.1336,Cleanliness could be improved.,2,2024-01-31
5,Richmond,49.1666,-123.1336,So glad I found this place.,4,2023-10-22
5,Richmond,49.1666,-123.1336,Consistently good coffee.,5,2021-10-22
5,Richmond,49.1666,-123.1336,Great vibes and music.,5,2023-07-24
5,Richmond,49.1666,-123.1336,Great vibes and music.,5,2022-01-29
5,Richmond,49.1666,-123.1336,Consistently good coffee.,4,2026-01-12
5,Richmond,49.1666,-123.1336,Very noisy and uncomfortable.,2,2021-10-24
5,Richmond,49.1666,-123.1336,The manager is so nice.,4,2024-07-03
5,Richmond,49.1666,-123.1336,My order was wrong.,2,2023-05-06
5,Richmond,49.1666,-123.1336,Highly recommend the latte.,4,2025-10-24
5,Richmond,49.1666,-123.1336,A bit crowded but worth the wait.,4,2021-07-16
5,Richmond,49.1666,-123.1336,The coffee was cold.,2,2023-04-11
5,Richmond,49.1666,-123.1336,A bit crowded but worth the wait.,5,2023-07-29
5,Richmond,49.1666,-123.1336,A bit on the expensive side.,3,2023-01-01
5,Richmond,49.1666,-123.1336,"It's alright, nothing special.",3,2021-03-02
5,Richmond,49.1666,-123.1336,Highly recommend the latte.,4,2021-08-14
5,Richmond,49.1666,-123.1336,Excellent quality every time.,4,2021-10-13
5,Richmond,49.1666,-123.1336,Okay for a quick stop.,3,2022-06-24
5,Richmond,49.1666,-123.1336,Best service in town.,5,2025-06-12
5,Richmond,49.1666,-123.1336,Friendly staff and great atmosphere.,4,2025-10-08
5,Richmond,49.1666,-123.1336,Disappointed with the service.,2,2022-09-06
5,Richmond,49.1666,-123.1336,So glad I found this place.,4,2025-03-07
5,Richmond,49.1666,-123.1336,Overall a bad experience.,2,2021-02-24
5,Richmond,49.1666,-123.1336,Best service in town.,5,2022-07-08
5,Richmond,49.1666,-123.1336,A bit crowded but worth the wait.,4,2024-12-29
5,Richmond,49.1666,-123.1336,The pastries are amazing.,5,2021-04-08
5,Richmond,49.1666,-123.1336,So glad I found this place.,5,2024-01-16
5,Richmond,49.1666,-123.1336,The service was a bit slow today.,3,2025-05-23
5,Richmond,49.1666,-123.1336,Excellent quality every time.,5,2024-09-21
5,Richmond,49.1666,-123.1336,Great vibes and music.,4,2025-10-22
5,Richmond,49.1666,-123.1336,Perfect for studying or working.,5,2021-05-16
5,Richmond,49.1666,-123.1336,Fast wifi and good seating.,5,2022-12-23
5,Richmond,49.1666,-123.1336,Great vibes and music.,5,2023-05-22
5,Richmond,49.1666,-123.1336,The manager is so nice.,4,2022-10-26
5,Richmond,49.1666,-123.1336,The manager is so nice.,5,2022-06-04
5,Richmond,49.1666,-123.1336,Okay for a quick stop.,3,2022-07-01
5,Richmond,49.1666,-123.1336,Best service in town.,4,2024-03-19
5,Richmond,49.1666,-123.1336,Perfect for studying or working.,5,2024-01-08
5,Richmond,49.1666,-123.1336,Friendly staff and great atmosphere.,5,2022-07-16
5,Richmond,49.1666,-123.1336,Always a pleasant experience.,4,2024-07-28
5,Richmond,49.1666,-123.1336,Absolutely love this place!,4,2021-06-14
5,Richmond,49.1666,-123.1336,Always a pleasant experience.,5,2023-04-28
5,Richmond,49.1666,-123.1336,The coffee was cold.,2,2021-07-17
5,Richmond,49.1666,-123.1336,Perfect for studying or working.,4,2026-01-14
5,Richmond,49.1666,-123.1336,Very noisy and uncomfortable.,2,2023-12-10
5,Richmond,49.1666,-123.1336,Absolutely love this place!,5,2021-12-24
5,Richmond,49.1666,-123.1336,Best service in town.,5,2022-08-14
5,Richmond,49.1666,-123.1336,My daily go-to spot.,4,2025-09-18
5,Richmond,49.1666,-123.1336,The manager is so nice.,4,2025-09-29
5,Richmond,49.1666,-123.1336,Highly recommend the latte.,5,2024-04-02
5,Richmond,49.1666,-123.1336,Great vibes and music.,4,2022-04-27
5,Richmond,49.1666,-123.1336,Consistently good coffee.,5,2024-08-13
5,Richmond,49.1666,-123.1336,Absolutely love this place!,4,2026-01-22
5,Richmond,49.1666,-123.1336,Excellent quality every time.,5,2024-05-24
5,Richmond,49.1666,-123.1336,So glad I found this place.,4,2022-07-24
5,Richmond,49.1666,-123.1336,Decent food options.,3,2021-06-19
5,Richmond,49.1666,-123.1336,Won't be coming back soon.,2,2024-12-17
5,Richmond,49.1666,-123.1336,Great vibes and music.,5,2022-09-22
5,Richmond,49.1666,-123.1336,The pastries are amazing.,5,2024-04-29
5,Richmond,49.1666,-123.1336,The pastries are amazing.,5,2025-09-24
5,Richmond,49.1666,-123.1336,The service was a bit slow today.,3,2023-09-15
5,Richmond,49.1666,-123.1336,The seating is a bit cramped.,3,2022-07-14
5,Richmond,49.1666,-123.1336,A bit crowded but worth the wait.,4,2024-04-04
5,Richmond,49.1666,-123.1336,My daily go-to spot.,4,2021-08-03
5,Richmond,49.1666,-123.1336,Very noisy and uncomfortable.,2,2025-10-22
5,Richmond,49.1666,-123.1336,Not worth the price.,2,2022-08-23
5,Richmond,49.1666,-123.1336,My daily go-to spot.,5,2024-09-11
5,Richmond,49.1666,-123.1336,Absolutely love this place!,4,2024-08-26
5,Richmond,49.1666,-123.1336,Best service in town.,4,2025-10-29
5,Richmond,49.1666,-123.1336,Always a pleasant experience.,5,2024-11-27
5,Richmond,49.1666,-123.1336,The staff seemed indifferent.,2,2023-01-26
5,Richmond,49.1666,-123.1336,The pastries are amazing.,4,2023-01-24
5,Richmond,49.1666,-123.1336,So glad I found this place.,5,2024-12-25
5,Richmond,49.1666,-123.1336,My daily go-to spot.,4,2023-11-24
5,Richmond,49.1666,-123.1336,Excellent quality every time.,5,2021-08-02
5,Richmond,49.1666,-123.1336,My daily go-to spot.,4,2021-03-21
5,Richmond,49.1666,-123.1336,The staff seemed indifferent.,1,2024-11-18
5,Richmond,49.1666,-123.1336,Disappointed with the service.,2,2025-04-21
5,Richmond,49.1666,-123.1336,Absolutely love this place!,5,2021-12-26
5,Richmond,49.1666,-123.1336,Always a pleasant experience.,4,2025-04-12
5,Richmond,49.1666,-123.1336,Overall a bad experience.,1,2025-01-20
5,Richmond,49.1666,-123.1336,Wait times are inconsistent.,3,2025-10-27
5,Richmond,49.1666,-123.1336,Friendly staff and great atmosphere.,5,2022-10-31
5,Richmond,49.1666,-123.1336,Standard cafe experience.,3,2022-07-14
5,Richmond,49.1666,-123.1336,Friendly staff and great atmosphere.,4,2022-12-08
5,Richmond,49.1666,-123.1336,Excellent quality every time.,4,2024-05-31
5,Richmond,49.1666,-123.1336,Wait was way too long.,1,2025-11-29
5,Richmond,49.1666,-123.1336,Standard cafe experience.,3,2022-01-15
5,Richmond,49.1666,-123.1336,Cleanliness could be improved.,1,2023-07-12
5,Richmond,49.1666,-123.1336,Consistently good coffee.,4,2024-11-30
5,Richmond,49.1666,-123.1336,Highly recommend the latte.,4,2025-02-02
5,Richmond,49.1666,-123.1336,Highly recommend the latte.,4,2021-06-16
5,Richmond,49.1666,-123.1336,The coffee was cold.,2,2023-08-20
5,Richmond,49.1666,-123.1336,Decent food options.,3,2025-07-03
5,Richmond,49.1666,-123.1336,Not worth the price.,1,2023-11-01
5,Richmond,49.1666,-123.1336,Can be noisy during lunch.,3,2025-04-03
5,Richmond,49.1666,-123.1336,Cleanliness could be improved.,1,2025-09-01
5,Richmond,49.1666,-123.1336,Cleanliness could be improved.,2,2024-01-10
5,Richmond,49.1666,-123.1336,Absolutely love this place!,5,2022-04-15
5,Richmond,49.1666,-123.1336,Absolutely love this place!,4,2024-10-13
5,Richmond,49.1666,-123.1336,Best service in town.,5,2022-05-04
5,Richmond,49.1666,-123.1336,Best service in town.,4,2022-12-27
5,Richmond,49.1666,-123.1336,The pastries are amazing.,5,2021-06-06
5,Richmond,49.1666,-123.1336,So glad I found this place.,4,2023-05-15
5,Richmond,49.1666,-123.1336,My order was wrong.,1,2024-06-05
5,Richmond,49.1666,-123.1336,My daily go-to spot.,5,2022-04-12
5,Richmond,49.1666,-123.1336,Wait times are inconsistent.,3,2022-12-20
5,Richmond,49.1666,-123.1336,Excellent quality every time.,5,2022-01-11
5,Richmond,49.1666,-123.1336,Average coffee.,3,2021-10-27
5,Richmond,49.1666,-123.1336,Friendly staff and great atmosphere.,5,2023-09-10
5,Richmond,49.1666,-123.1336,The service was a bit slow today.,3,2025-08-29
5,Richmond,49.1666,-123.1336,Not worth the price.,2,2023-11-25
5,Richmond,49.1666,-123.1336,Fast wifi and good seating.,5,2024-11-26
6,Surrey,49.1913,-122.849,Highly recommend the latte.,5,2023-08-26
6,Surrey,49.1913,-122.849,So glad I found this place.,4,2023-01-06
6,Surrey,49.1913,-122.849,Great vibes and music.,5,2021-10-03
6,Surrey,49.1913,-122.849,Best service in town.,5,2025-01-08
6,Surrey,49.1913,-122.849,Always a pleasant experience.,5,2025-07-03
6,Surrey,49.1913,-122.849,Can be noisy during lunch.,3,2023-03-07
6,Surrey,49.1913,-122.849,Fast wifi and good seating.,5,2022-12-23
6,Surrey,49.1913,-122.849,Absolutely love this place!,4,2024-07-15
6,Surrey,49.1913,-122.849,Wait was way too long.,1,2024-06-15
6,Surrey,49.1913,-122.849,Always a pleasant experience.,4,2024-10-15
6,Surrey,49.1913,-122.849,Won't be coming back soon.,1,2022-02-17
6,Surrey,49.1913,-122.849,A bit crowded but worth the wait.,4,2024-01-06
6,Surrey,49.1913,-122.849,Wait times are inconsistent.,3,2022-06-03
6,Surrey,49.1913,-122.849,Absolutely love this place!,5,2023-02-15
6,Surrey,49.1913,-122.849,Consistently good coffee.,5,2022-12-30
6,Surrey,49.1913,-122.849,My daily go-to spot.,5,2024-06-29
6,Surrey,49.1913,-122.849,Always a pleasant experience.,5,2022-04-20
6,Surrey,49.1913,-122.849,Not worth the price.,2,2021-12-24
6,Surrey,49.1913,-122.849,Fast wifi and good seating.,5,2023-09-06
6,Surrey,49.1913,-122.849,Consistently good coffee.,5,2025-02-26
6,Surrey,49.1913,-122.849,Fast wifi and good seating.,5,2023-02-18
6,Surrey,49.1913,-122.849,So glad I found this place.,4,2021-09-15
6,Surrey,49.1913,-122.849,Overall a bad experience.,2,2022-12-03
6,Surrey,49.1913,-122.849,Overall a bad experience.,1,2022-03-18
6,Surrey,49.1913,-122.849,Perfect for studying or working.,5,2021-08-28
6,Surrey,49.1913,-122.849,So glad I found this place.,5,2021-08-30
6,Surrey,49.1913,-122.849,A bit on the expensive side.,3,2021-06-26
6,Surrey,49.1913,-122.849,Friendly staff and great atmosphere.,5,2024-08-02
6,Surrey,49.1913,-122.849,The coffee was cold.,2,2023-11-10
6,Surrey,49.1913,-122.849,The manager is so nice.,5,2024-07-25
6,Surrey,49.1913,-122.849,The manager is so nice.,4,2023-03-10
6,Surrey,49.1913,-122.849,Cleanliness could be improved.,2,2024-08-11
6,Surrey,49.1913,-122.849,Perfect for studying or working.,5,2022-03-05
6,Surrey,49.1913,-122.849,Perfect for studying or working.,5,2026-02-04
6,Surrey,49.1913,-122.849,So glad I found this place.,5,2024-11-10
6,Surrey,49.1913,-122.849,Decent food options.,3,2022-01-20
6,Surrey,49.1913,-122.849,Fast wifi and good seating.,5,2025-02-21
6,Surrey,49.1913,-122.849,Overall a bad experience.,1,2024-10-23
6,Surrey,49.1913,-122.849,Consistently good coffee.,5,2021-11-29
6,Surrey,49.1913,-122.849,So glad I found this place.,5,2022-08-15
6,Surrey,49.1913,-122.849,Absolutely love this place!,4,2023-11-14
6,Surrey,49.1913,-122.849,Fast wifi and good seating.,5,2022-02-01
6,Surrey,49.1913,-122.849,Average coffee.,3,2021-06-21
6,Surrey,49.1913,-122.849,The manager is so nice.,5,2024-06-23
6,Surrey,49.1913,-122.849,Decent food options.,3,2025-09-12
6,Surrey,49.1913,-122.849,Friendly staff and great atmosphere.,5,2024-05-28
6,Surrey,49.1913,-122.849,Decent food options.,3,2024-12-23
6,Surrey,49.1913,-122.849,Standard cafe experience.,3,2024-02-17
6,Surrey,49.1913,-122.849,Highly recommend the latte.,5,2022-11-19
6,Surrey,49.1913,-122.849,Fast wifi and good seating.,5,2021-12-25
6,Surrey,49.1913,-122.849,Great vibes and music.,4,2022-07-04
6,Surrey,49.1913,-122.849,So glad I found this place.,4,2022-10-31
6,Surrey,49.1913,-122.849,Overall a bad experience.,2,2023-11-13
6,Surrey,49.1913,-122.849,Not worth the price.,2,2024-09-02
6,Surrey,49.1913,-122.849,Absolutely love this place!,5,2023-07-07
6,Surrey,49.1913,-122.849,Can be noisy during lunch.,3,2025-10-07
6,Surrey,49.1913,-122.849,So glad I found this place.,4,2025-09-20
6,Surrey,49.1913,-122.849,Cleanliness could be improved.,2,2024-10-09
6,Surrey,49.1913,-122.849,Highly recommend the latte.,5,2021-05-04
6,Surrey,49.1913,-122.849,Friendly staff and great atmosphere.,4,2022-11-19
6,Surrey,49.1913,-122.849,Absolutely love this place!,4,2024-04-14
6,Surrey,49.1913,-122.849,Consistently good coffee.,5,2023-01-20
6,Surrey,49.1913,-122.849,The staff seemed indifferent.,1,2024-04-05
6,Surrey,49.1913,-122.849,The pastries are amazing.,4,2022-01-08
6,Surrey,49.1913,-122.849,A bit crowded but worth the wait.,4,2021-09-11
6,Surrey,49.1913,-122.849,Wait times are inconsistent.,3,2021-07-03
6,Surrey,49.1913,-122.849,The pastries are amazing.,5,2024-01-01
6,Surrey,49.1913,-122.849,A bit crowded but worth the wait.,4,2025-06-10
6,Surrey,49.1913,-122.849,Perfect for studying or working.,5,2021-10-29
6,Surrey,49.1913,-122.849,Standard cafe experience.,3,2024-09-03
6,Surrey,49.1913,-122.849,A bit crowded but worth the wait.,4,2021-10-12
6,Surrey,49.1913,-122.849,Highly recommend the latte.,5,2021-11-10
6,Surrey,49.1913,-122.849,Fast wifi and good seating.,4,2024-07-02
6,Surrey,49.1913,-122.849,Won't be coming back soon.,2,2026-01-22
6,Surrey,49.1913,-122.849,The coffee was cold.,2,2024-10-20
6,Surrey,49.1913,-122.849,Absolutely love this place!,5,2025-10-19
6,Surrey,49.1913,-122.849,Standard cafe experience.,3,2026-01-01
6,Surrey,49.1913,-122.849,The manager is so nice.,4,2024-08-27
6,Surrey,49.1913,-122.849,Fast wifi and good seating.,5,2023-06-29
6,Surrey,49.1913,-122.849,So glad I found this place.,4,2025-06-08
6,Surrey,49.1913,-122.849,Perfect for studying or working.,5,2022-08-09
6,Surrey,49.1913,-122.849,Perfect for studying or working.,4,2022-02-25
6,Surrey,49.1913,-122.849,Friendly staff and great atmosphere.,5,2024-08-20
6,Surrey,49.1913,-122.849,My order was wrong.,1,2024-10-10
6,Surrey,49.1913,-122.849,Perfect for studying or working.,5,2021-03-01
6,Surrey,49.1913,-122.849,Excellent quality every time.,5,2022-04-30
6,Surrey,49.1913,-122.849,Not worth the price.,2,2023-05-21
6,Surrey,49.1913,-122.849,Always a pleasant experience.,4,2025-11-19
6,Surrey,49.1913,-122.849,Excellent quality every time.,5,2022-12-19
6,Surrey,49.1913,-122.849,The manager is so nice.,4,2024-04-17
6,Surrey,49.1913,-122.849,Fast wifi and good seating.,5,2023-01-01
6,Surrey,49.1913,-122.849,Perfect for studying or working.,5,2022-02-17
6,Surrey,49.1913,-122.849,Fast wifi and good seating.,4,2022-10-27
6,Surrey,49.1913,-122.849,Decent food options.,3,2024-03-01
6,Surrey,49.1913,-122.849,"It's alright, nothing special.",3,2021-07-10
6,Surrey,49.1913,-122.849,The pastries are amazing.,5,2021-02-27
6,Surrey,49.1913,-122.849,Perfect for studying or working.,4,2023-08-12
6,Surrey,49.1913,-122.849,Friendly staff and great atmosphere.,5,2021-09-23
6,Surrey,49.1913,-122.849,Excellent quality every time.,5,2022-07-11
6,Surrey,49.1913,-122.849,Highly recommend the latte.,4,2025-12-16
6,Surrey,49.1913,-122.849,Cleanliness could be improved.,1,2022-08-07
6,Surrey,49.1913,-122.849,Disappointed with the service.,2,2024-09-30
6,Surrey,49.1913,-122.849,Wait times are inconsistent.,3,2021-06-13
6,Surrey,49.1913,-122.849,Consistently good coffee.,5,2022-06-21
6,Surrey,49.1913,-122.849,So glad I found this place.,5,2022-07-19
6,Surrey,49.1913,-122.849,A bit crowded but worth the wait.,5,2025-12-22
6,Surrey,49.1913,-122.849,The pastries are amazing.,5,2023-02-05
6,Surrey,49.1913,-122.849,The manager is so nice.,4,2024-08-18
6,Surrey,49.1913,-122.849,So glad I found this place.,5,2024-01-19
6,Surrey,49.1913,-122.849,The staff seemed indifferent.,1,2023-04-14
6,Surrey,49.1913,-122.849,The manager is so nice.,5,2021-08-15
6,Surrey,49.1913,-122.849,Best service in town.,5,2022-10-26
6,Surrey,49.1913,-122.849,Best service in town.,5,2024-01-14
6,Surrey,49.1913,-122.849,Always a pleasant experience.,4,2023-02-17
6,Surrey,49.1913,-122.849,Absolutely love this place!,4,2022-12-20
6,Surrey,49.1913,-122.849,"It's alright, nothing special.",3,2021-11-27
6,Surrey,49.1913,-122.849,Consistently good coffee.,5,2024-12-09
6,Surrey,49.1913,-122.849,The manager is so nice.,4,2025-06-28
6,Surrey,49.1913,-122.849,Friendly staff and great atmosphere.,4,2022-08-22
6,Surrey,49.1913,-122.849,Consistently good coffee.,5,2024-05-29
6,Surrey,49.1913,-122.849,Friendly staff and great atmosphere.,5,2025-06-29
6,Surrey,49.1913,-122.849,So glad I found this place.,5,2024-10-05
6,Surrey,49.1913,-122.849,Perfect for studying or working.,4,2025-02-18
6,Surrey,49.1913,-122.849,Consistently good coffee.,5,2024-06-21
6,Surrey,49.1913,-122.849,Highly recommend the latte.,4,2024-07-18
6,Surrey,49.1913,-122.849,Friendly staff and great atmosphere.,5,2024-06-07
6,Surrey,49.1913,-122.849,So glad I found this place.,5,2023-12-22
6,Surrey,49.1913,-122.849,Perfect for studying or working.,4,2023-01-10
6,Surrey,49.1913,-122.849,Fast wifi and good seating.,4,2021-10-26
6,Surrey,49.1913,-122.849,Consistently good coffee.,5,2022-05-07
6,Surrey,49.1913,-122.849,The pastries are amazing.,5,2023-11-27
6,Surrey,49.1913,-122.849,The pastries are amazing.,5,2021-02-12
6,Surrey,49.1913,-122.849,Highly recommend the latte.,5,2024-07-13
6,Surrey,49.1913,-122.849,The pastries are amazing.,5,2025-07-08
6,Surrey,49.1913,-122.849,My order was wrong.,2,2022-02-15
6,Surrey,49.1913,-122.849,Okay for a quick stop.,3,2025-04-25
6,Surrey,49.1913,-122.849,The manager is so nice.,5,2021-12-26
6,Surrey,49.1913,-122.849,A bit crowded but worth the wait.,4,2022-04-26
6,Surrey,49.1913,-122.849,Great vibes and music.,5,2021-02-28
6,Surrey,49.1913,-122.849,My daily go-to spot.,4,2022-06-02
6,Surrey,49.1913,-122.849,The coffee was cold.,1,2021-12-22
6,Surrey,49.1913,-122.849,Very noisy and uncomfortable.,1,2025-07-10
6,Surrey,49.1913,-122.849,Best service in town.,4,2024-01-14
6,Surrey,49.1913,-122.849,Always a pleasant experience.,5,2023-07-27
6,Surrey,49.1913,-122.849,Absolutely love this place!,5,2024-11-11
6,Surrey,49.1913,-122.849,The coffee was cold.,2,2021-05-26
6,Surrey,49.1913,-122.849,The pastries are amazing.,4,2023-11-30
6,Surrey,49.1913,-122.849,Okay for a quick stop.,3,2025-12-17
6,Surrey,49.1913,-122.849,Perfect for studying or working.,4,2021-05-03
6,Surrey,49.1913,-122.849,The manager is so nice.,4,2024-05-10
7,Metrotown,49.2276,-123.0031,Wait times are inconsistent.,3,2022-02-09
7,Metrotown,49.2276,-123.0031,Great vibes and music.,5,2021-08-15
7,Metrotown,49.2276,-123.0031,Disappointed with the service.,2,2025-10-26
7,Metrotown,49.2276,-123.0031,Can be noisy during lunch.,3,2022-09-07
7,Metrotown,49.2276,-123.0031,Great vibes and music.,4,2023-11-08
7,Metrotown,49.2276,-123.0031,Can be noisy during lunch.,3,2023-02-20
7,Metrotown,49.2276,-123.0031,Very noisy and uncomfortable.,2,2024-04-13
7,Metrotown,49.2276,-123.0031,Best service in town.,4,2023-11-11
7,Metrotown,49.2276,-123.0031,Decent food options.,3,2025-04-25
7,Metrotown,49.2276,-123.0031,Highly recommend the latte.,5,2024-03-26
7,Metrotown,49.2276,-123.0031,A bit crowded but worth the wait.,4,2022-11-15
7,Metrotown,49.2276,-123.0031,Disappointed with the service.,1,2025-09-19
7,Metrotown,49.2276,-123.0031,Can be noisy during lunch.,3,2022-05-06
7,Metrotown,49.2276,-123.0031,Friendly staff and great atmosphere.,4,2024-06-11
7,Metrotown,49.2276,-123.0031,Okay for a quick stop.,3,2025-09-14
7,Metrotown,49.2276,-123.0031,Fast wifi and good seating.,4,2025-01-07
7,Metrotown,49.2276,-123.0031,My order was wrong.,2,2023-04-16
7,Metrotown,49.2276,-123.0031,Average coffee.,3,2025-04-27
7,Metrotown,49.2276,-123.0031,The manager is so nice.,5,2024-10-31
7,Metrotown,49.2276,-123.0031,Perfect for studying or working.,5,2025-01-24
7,Metrotown,49.2276,-123.0031,A bit on the expensive side.,3,2025-06-16
7,Metrotown,49.2276,-123.0031,Best service in town.,4,2024-09-02
7,Metrotown,49.2276,-123.0031,The pastries are amazing.,5,2025-10-08
7,Metrotown,49.2276,-123.0031,The pastries are amazing.,5,2025-12-18
7,Metrotown,49.2276,-123.0031,So glad I found this place.,5,2023-06-24
7,Metrotown,49.2276,-123.0031,Friendly staff and great atmosphere.,5,2022-03-28
7,Metrotown,49.2276,-123.0031,Consistently good coffee.,5,2022-09-03
7,Metrotown,49.2276,-123.0031,Friendly staff and great atmosphere.,5,2025-10-19
7,Metrotown,49.2276,-123.0031,Average coffee.,3,2022-10-08
7,Metrotown,49.2276,-123.0031,Standard cafe experience.,3,2021-08-08
7,Metrotown,49.2276,-123.0031,My order was wrong.,2,2025-10-08
7,Metrotown,49.2276,-123.0031,Great vibes and music.,4,2024-12-27
7,Metrotown,49.2276,-123.0031,Excellent quality every time.,5,2024-10-01
7,Metrotown,49.2276,-123.0031,Best service in town.,4,2024-07-10
7,Metrotown,49.2276,-123.0031,Always a pleasant experience.,5,2022-10-21
7,Metrotown,49.2276,-123.0031,The manager is so nice.,5,2025-10-13
7,Metrotown,49.2276,-123.0031,Excellent quality every time.,5,2023-11-02
7,Metrotown,49.2276,-123.0031,Perfect for studying or working.,4,2023-04-30
7,Metrotown,49.2276,-123.0031,The staff seemed indifferent.,1,2024-06-14
7,Metrotown,49.2276,-123.0031,Great vibes and music.,5,2023-02-05
7,Metrotown,49.2276,-123.0031,So glad I found this place.,4,2024-02-17
7,Metrotown,49.2276,-123.0031,The seating is a bit cramped.,3,2023-09-01
7,Metrotown,49.2276,-123.0031,Wait times are inconsistent.,3,2022-09-10
7,Metrotown,49.2276,-123.0031,Absolutely love this place!,5,2022-07-01
7,Metrotown,49.2276,-123.0031,Overall a bad experience.,1,2023-09-19
7,Metrotown,49.2276,-123.0031,A bit crowded but worth the wait.,5,2021-10-03
7,Metrotown,49.2276,-123.0031,Absolutely love this place!,4,2025-06-30
7,Metrotown,49.2276,-123.0031,Perfect for studying or working.,5,2021-05-02
7,Metrotown,49.2276,-123.0031,Always a pleasant experience.,4,2021-09-16
7,Metrotown,49.2276,-123.0031,Best service in town.,5,2021-03-05
7,Metrotown,49.2276,-123.0031,The manager is so nice.,5,2022-12-01
7,Metrotown,49.2276,-123.0031,Always a pleasant experience.,4,2022-06-29
7,Metrotown,49.2276,-123.0031,Can be noisy during lunch.,3,2021-02-25
7,Metrotown,49.2276,-123.0031,Wait times are inconsistent.,3,2024-12-11
7,Metrotown,49.2276,-123.0031,Highly recommend the latte.,4,2026-01-15
7,Metrotown,49.2276,-123.0031,Friendly staff and great atmosphere.,4,2022-10-16
7,Metrotown,49.2276,-123.0031,Always a pleasant experience.,4,2023-10-02
7,Metrotown,49.2276,-123.0031,My order was wrong.,2,2025-07-16
7,Metrotown,49.2276,-123.0031,Can be noisy during lunch.,3,2022-02-11
7,Metrotown,49.2276,-123.0031,A bit crowded but worth the wait.,4,2023-05-06
7,Metrotown,49.2276,-123.0031,A bit on the expensive side.,3,2023-11-20
7,Metrotown,49.2276,-123.0031,So glad I found this place.,5,2024-09-10
7,Metrotown,49.2276,-123.0031,My daily go-to spot.,4,2023-08-17
7,Metrotown,49.2276,-123.0031,Great vibes and music.,4,2024-03-04
7,Metrotown,49.2276,-123.0031,Great vibes and music.,4,2022-01-19
7,Metrotown,49.2276,-123.0031,A bit crowded but worth the wait.,5,2025-11-28
7,Metrotown,49.2276,-123.0031,A bit on the expensive side.,3,2022-10-04
7,Metrotown,49.2276,-123.0031,My daily go-to spot.,5,2025-02-16
7,Metrotown,49.2276,-123.0031,Wait was way too long.,1,2021-11-21
7,Metrotown,49.2276,-123.0031,Absolutely love this place!,4,2021-11-04
7,Metrotown,49.2276,-123.0031,The manager is so nice.,5,2023-09-05
7,Metrotown,49.2276,-123.0031,Overall a bad experience.,2,2023-06-27
7,Metrotown,49.2276,-123.0031,Won't be coming back soon.,1,2024-12-09
7,Metrotown,49.2276,-123.0031,A bit crowded but worth the wait.,5,2021-09-20
7,Metrotown,49.2276,-123.0031,Highly recommend the latte.,4,2025-03-19
7,Metrotown,49.2276,-123.0031,A bit crowded but worth the wait.,4,2021-05-27
7,Metrotown,49.2276,-123.0031,The staff seemed indifferent.,2,2024-12-01
7,Metrotown,49.2276,-123.0031,So glad I found this place.,5,2023-05-21
7,Metrotown,49.2276,-123.0031,Always a pleasant experience.,4,2025-04-27
7,Metrotown,49.2276,-123.0031,Consistently good coffee.,4,2022-10-30
7,Metrotown,49.2276,-123.0031,So glad I found this place.,4,2025-09-26
7,Metrotown,49.2276,-123.0031,The manager is so nice.,5,2026-01-27
7,Metrotown,49.2276,-123.0031,Always a pleasant experience.,5,2025-11-11
7,Metrotown,49.2276,-123.0031,Standard cafe experience.,3,2026-01-29
7,Metrotown,49.2276,-123.0031,The pastries are amazing.,4,2024-03-02
7,Metrotown,49.2276,-123.0031,Cleanliness could be improved.,1,2025-12-22
7,Metrotown,49.2276,-123.0031,So glad I found this place.,4,2022-04-12
7,Metrotown,49.2276,-123.0031,Standard cafe experience.,3,2022-09-24
7,Metrotown,49.2276,-123.0031,The pastries are amazing.,5,2023-02-19
7,Metrotown,49.2276,-123.0031,Consistently good coffee.,5,2021-12-11
7,Metrotown,49.2276,-123.0031,"It's alright, nothing special.",3,2025-11-12
7,Metrotown,49.2276,-123.0031,The staff seemed indifferent.,2,2023-09-19
7,Metrotown,49.2276,-123.0031,So glad I found this place.,5,2023-12-11
7,Metrotown,49.2276,-123.0031,Wait was way too long.,2,2022-06-23
7,Metrotown,49.2276,-123.0031,Perfect for studying or working.,4,2024-11-03
7,Metrotown,49.2276,-123.0031,Wait was way too long.,1,2021-02-13
7,Metrotown,49.2276,-123.0031,Okay for a quick stop.,3,2021-10-18
7,Metrotown,49.2276,-123.0031,My daily go-to spot.,4,2021-12-23
7,Metrotown,49.2276,-123.0031,My order was wrong.,2,2021-10-18
7,Metrotown,49.2276,-123.0031,My daily go-to spot.,5,2024-09-14
7,Metrotown,49.2276,-123.0031,The pastries are amazing.,4,2023-08-08
7,Metrotown,49.2276,-123.0031,Absolutely love this place!,5,2024-08-15
7,Metrotown,49.2276,-123.0031,Cleanliness could be improved.,1,2023-11-28
7,Metrotown,49.2276,-123.0031,The pastries are amazing.,5,2025-04-11
7,Metrotown,49.2276,-123.0031,Best service in town.,5,2023-04-08
7,Metrotown,49.2276,-123.0031,Great vibes and music.,5,2021-05-10
7,Metrotown,49.2276,-123.0031,Disappointed with the service.,2,2024-03-09
7,Metrotown,49.2276,-123.0031,Perfect for studying or working.,5,2021-03-26
7,Metrotown,49.2276,-123.0031,Fast wifi and good seating.,5,2023-03-08
7,Metrotown,49.2276,-123.0031,A bit on the expensive side.,3,2021-03-25
7,Metrotown,49.2276,-123.0031,The pastries are amazing.,4,2021-10-10
7,Metrotown,49.2276,-123.0031,The staff seemed indifferent.,2,2025-01-24
7,Metrotown,49.2276,-123.0031,Average coffee.,3,2022-04-07
7,Metrotown,49.2276,-123.0031,Perfect for studying or working.,5,2023-02-24
7,Metrotown,49.2276,-123.0031,Cleanliness could be improved.,2,2024-08-31
7,Metrotown,49.2276,-123.0031,The seating is a bit cramped.,3,2024-10-04
7,Metrotown,49.2276,-123.0031,Best service in town.,5,2021-05-20
7,Metrotown,49.2276,-123.0031,My daily go-to spot.,5,2021-03-17
7,Metrotown,49.2276,-123.0031,Always a pleasant experience.,4,2024-07-01
7,Metrotown,49.2276,-123.0031,The pastries are amazing.,5,2021-12-22
7,Metrotown,49.2276,-123.0031,The staff seemed indifferent.,1,2024-07-19
7,Metrotown,49.2276,-123.0031,Wait times are inconsistent.,3,2021-08-16
7,Metrotown,49.2276,-123.0031,Always a pleasant experience.,5,2021-11-30
7,Metrotown,49.2276,-123.0031,Excellent quality every time.,4,2024-05-12
7,Metrotown,49.2276,-123.0031,Great vibes and music.,5,2022-07-18
7,Metrotown,49.2276,-123.0031,Consistently good coffee.,5,2023-06-26
7,Metrotown,49.2276,-123.0031,Friendly staff and great atmosphere.,4,2025-04-29
7,Metrotown,49.2276,-123.0031,"It's alright, nothing special.",3,2023-05-30
7,Metrotown,49.2276,-123.0031,The seating is a bit cramped.,3,2021-09-14
7,Metrotown,49.2276,-123.0031,Highly recommend the latte.,5,2025-08-09
7,Metrotown,49.2276,-123.0031,The manager is so nice.,5,2025-04-25
7,Metrotown,49.2276,-123.0031,"It's alright, nothing special.",3,2023-09-06
7,Metrotown,49.2276,-123.0031,A bit on the expensive side.,3,2023-08-10
7,Metrotown,49.2276,-123.0031,Best service in town.,5,2023-03-02
7,Metrotown,49.2276,-123.0031,Excellent quality every time.,5,2023-01-14
7,Metrotown,49.2276,-123.0031,The pastries are amazing.,4,2024-05-22
7,Metrotown,49.2276,-123.0031,Absolutely love this place!,5,2022-09-18
7,Metrotown,49.2276,-123.0031,The pastries are amazing.,4,2021-11-09
7,Metrotown,49.2276,-123.0031,Absolutely love this place!,4,2022-10-04
7,Metrotown,49.2276,-123.0031,Perfect for studying or working.,4,2023-01-15
7,Metrotown,49.2276,-123.0031,So glad I found this place.,5,2022-10-10
7,Metrotown,49.2276,-123.0031,Absolutely love this place!,5,2023-12-31
7,Metrotown,49.2276,-123.0031,Highly recommend the latte.,4,2025-11-20
7,Metrotown,49.2276,-123.0031,Excellent quality every time.,4,2022-06-20
7,Metrotown,49.2276,-123.0031,Consistently good coffee.,5,2021-04-03
7,Metrotown,49.2276,-123.0031,A bit on the expensive side.,3,2024-01-30
7,Metrotown,49.2276,-123.0031,Disappointed with the service.,2,2022-06-21
7,Metrotown,49.2276,-123.0031,My daily go-to spot.,5,2025-03-24
7,Metrotown,49.2276,-123.0031,Absolutely love this place!,5,2025-07-04
7,Metrotown,49.2276,-123.0031,Fast wifi and good seating.,4,2023-10-18
